ID,ProfileID,CreateDateUtc,BuyItNowPrice,EAN,(All_Basic)_Product lenght,(All_Basic)_Product weight,(All_Basic)_Product width,Amazon_DE_product_title,(All_General)_Product_color,(All_General)_Measurement,(All_General)_Product material,(All_Basic)_Main_color,Amazon_browse_node_de,Amazon_DE_Search terms,HS Code,Product_title_XLDE,Meta_page_title_XLDE,Category_XLDE,MXL_DE_Category,(All_Basic)_Country of Origin,(All_General)_EOL,Home24_Parent_Title,(Curtains)_Suspension system,AMZ_Campaign,Amazon_DE_b1,Amazon_DE_b2,Amazon_DE_b3,Amazon_DE_b4,Amazon_DE_b5,Marketplace_DE_description,(All_General)_Brand_introduction,Meta_description_XLDE,Product_description_XLDE,Bullet_Points_XLDE,Mascot XL Description,Mascot XL Bullet Points,ManoMano_DE_Description,Kaufland_HTML_Description_DE
9829791,12005841,2021-07-25T00:21:52.8466667Z,30.95,8720195383550,250.00,0.66,150.00,"LIFA LIVING 2er Set Halbtransparente Vorhänge in 150 x 250 cm, Helle Gardinen in Weiß mit Kräuselband, 2x Weiße Wohnzimmervorhänge aus Polyester ",Weiß,150 x 250 cm,Polyester ,Weiß,2970918031,LIFA LIVING Transparent halbtransparent Schlafzimmervorhänge 150 x 250cm 2er Set Weiß Weiße Vorhänge vorhang gardinen gardine mit Haken Hell Wohnzimmervorhänge Wohnzimmer Polyester fenster curtains Kräuselband 2,63039290,Vorhänge mit Haken | Weiß | 150 x 250 cm,Halbtransparente Vorhänge | Mascot XL,"Alle Produkte,Haus und Garten>Wohnaccessoires>Gardinen und Vorhänge ","Alle Produkte,Haus und Garten>Wohnaccessoires>Gardinen und Vorhänge",CN,Ja,Vorhänge mit Haken,Haken,Yes,"Halbtransparente Wohnzimmervorhänge: Unsere Vorhänge aus 100 % Polyester haben Standardmaße (150 x 250 cm) und ein zeitloses Design. Die Vorhänge von Lifa Living sind in verschiedenen Farben erhältlich, um perfekt zu jedem Zuhause zu passen.","Schlafzimmervorhänge: Unsere modernen Vorhänge sind ideal für jeden Raum in Ihrem Zuhause: vom Wohnzimmer über das Schlafzimmer bis zum Kinderzimmer, aber auch perfekt im Büro. Unsere Vorhänge sind perfekt, um Ihrem Zuhause einen Hauch von Eleganz zu verleihen und Ihnen gleichzeitig Privatsphäre zu geben.","Leichte Vorhänge mit Haken oder Ringen: Die Vorhänge sind mit komfortablen hochwertigen Metallhaken ausgestattet, wodurch sie einfach und praktisch in der Handhabung sind. Diese halbtransparenten Vorhänge sind auch in einer Variante mit Ringen erhältlich.","Hochwertige Gardinen: Lifa Living Gardinen sind pflegeleicht, laufen nicht ein, verschleißen nicht und verblassen nicht. Die Rückseite der Vorhänge hat das gleiche schöne Finish und Aussehen wie die Vorderseite! Die Vorhänge sind in vier verschiedenen Farben erhältlich.","Weitere Informationen: Erhältlich in 4 verschiedenen Farben: Weiß, Creme, Taubengrau und Hellgrau; Waschbar in der Maschine bei 30 Grad; Maße: 150 x 250 cm; Material: 100 % Polyester; Mit Ringen oder Haken. ","Halbtransparente Vorhänge von Lifa Living

Unsere Gardinen von Lifa Living sind aus 100 % Polyester gefertigt und haben Standardmaße (150 x 250 cm). Die Vorhänge zeichnen sich durch ein zeitloses Design aus und sind in verschiedenen Farben erhältlich, um perfekt in Ihr Zuhause zu passen. Unsere modernen Vorhänge sind ideal für jeden Raum in Ihrem Zuhause: vom Wohnzimmer über das Schlafzimmer bis zum Kinderzimmer, aber auch perfekt im Büro. Die Gardinen können in der Waschmaschine bei 30 Grad gewaschen werden. ","<p><strong>Über Lifa Living</strong></p> <p>Hier bei Lifa Living lieben wir das Zuhause genauso wie die Menschen selbst. Deshalb möchten wir Wohnaccessoires und Möbel anbieten, die einzigartig und für jeden erschwinglich sind. Der Lifa Living Katalog ist in drei Stilrichtungen unterteilt, sodass für jeden Geschmack etwas dabei ist: Scandinavian Chic, Cool Industrial und Cosy Luxury. Alle Stile sind für sich genommen einzigartig, aber auch in Kombination werden sie zum absoluten Hingucker. Bei uns finden Sie eine große Auswahl an Produkten, um jeden Raum Ihres Hauses zu dekorieren und mit Accessoires auszustatten. Nicht nur sind die trendigen Produkte von Lifa Living mit Liebe zum Detail gestaltet, sie sind ebenfalls aus hochwertigen Materialien gefertigt, die Stabilität und Widerstandsfähigkeit auch über eine längere Zeit hinweg gewährleisten. Denn Zuhause ist nicht nur ein Ort, es ist ein Gefühl, und wir möchten das Lifa Living-Gefühl direkt zu Ihnen nach Hause bringen. Besuchen Sie den Lifa Living Store und verlieben Sie sich in unseren Katalog. Wir hoffen, dass Lifa Living schon bald der Begleiter Ihres Vertrauens für Ihre Inneneinrichtung sein wird. </p>","Unsere Gardinen von Lifa Living sind aus 100 % Polyester gefertigt und haben Standardmaße (150 x 250 cm). Die Vorhänge zeichnen sich durch ein zeitloses Design aus und sind in verschiedenen Farben erhältlich, um perfekt in Ihr Zuhause zu passen. Unsere modernen Vorhänge sind ideal für jeden Raum in Ihrem Zuhause: vom Wohnzimmer über das Schlafzimmer bis zum Kinderzimmer, aber auch perfekt im Büro. Die Gardinen können in der Waschmaschine bei 30 Grad gewaschen werden. ","<p><strong> Vorhänge mit Haken | Weiß | 150 x 250 cm &nbsp;</strong></p>  
<p> Unsere Gardinen von Lifa Living sind aus 100 % Polyester gefertigt und haben Standardmaße (150 x 250 cm). Die Vorhänge zeichnen sich durch ein zeitloses Design aus und sind in verschiedenen Farben erhältlich, um perfekt in Ihr Zuhause zu passen. Unsere modernen Vorhänge sind ideal für jeden Raum in Ihrem Zuhause: vom Wohnzimmer über das Schlafzimmer bis zum Kinderzimmer, aber auch perfekt im Büro. Die Gardinen können in der Waschmaschine bei 30 Grad gewaschen werden.<p>  
<p>&nbsp;</p>  
<p>&nbsp;</p>  
<p><em> Weitere Informationen:</em></p>  
<p>&nbsp;</p>  
<ul>  
<li> Maße: 150 x 250 cm;</li> 
<li> Farbe: Weiß;</li> 
<li> Material: 100 % Polyester;</li> 
<li> Waschbar in der Maschine bei 30 Grad;</li> 
<li> Mit Haken;</li> 
</ul> 
","• Unsere Vorhänge aus 100 % Polyester haben Standardmaße (150 x 250 cm) und ein zeitloses Design.
• Die Vorhänge sind in vier verschiedenen Farben erhältlich: Weiß, Creme, Taubengrau und Hellgrau
• Die Gardinen können in der Waschmaschine bei 30 Grad gewaschen werden.
","Unsere Gardinen von Lifa Living sind aus 100 % Polyester gefertigt und haben Standardmaße (150 x 250 cm). Die Vorhänge zeichnen sich durch ein zeitloses Design aus und sind in verschiedenen Farben erhältlich, um perfekt in Ihr Zuhause zu passen. Unsere modernen Vorhänge sind ideal für jeden Raum in Ihrem Zuhause: vom Wohnzimmer über das Schlafzimmer bis zum Kinderzimmer, aber auch perfekt im Büro. Die Gardinen können in der Waschmaschine bei 30 Grad gewaschen werden. ","• Unsere Vorhänge aus 100 % Polyester haben Standardmaße (150 x 250 cm) und ein zeitloses Design.
• Die Vorhänge sind in vier verschiedenen Farben erhältlich: Weiß, Creme, Taubengrau und Hellgrau
• Die Gardinen können in der Waschmaschine bei 30 Grad gewaschen werden.
","<p style=text-align: justify;>1.<p style=text-align: justify;>2.<p style=text-align: justify;>3.<p style=text-align: justify;>4.<p style=text-align: justify;>5.<p style=text-align: justify;>&nbsp;</p> <p style=text-align: justify;><img style=display: block; margin-left: auto; margin-right: auto; src=https://images.salsify.com/image/upload/s--FPL3cPNe--/229cd879cd168f2d6da78d97c235a888fff48a29.jpg width=""650"" /><br /></p><p style=text-align: justify;>&nbsp;</p> <p style=text-align: justify;> <p style=text-align: justify;><p><strong>Über Lifa Living</strong></p> <p>Hier bei Lifa Living lieben wir das Zuhause genauso wie die Menschen selbst. Deshalb möchten wir Wohnaccessoires und Möbel anbieten, die einzigartig und für jeden erschwinglich sind. Der Lifa Living Katalog ist in drei Stilrichtungen unterteilt, sodass für jeden Geschmack etwas dabei ist: Scandinavian Chic, Cool Industrial und Cosy Luxury. Alle Stile sind für sich genommen einzigartig, aber auch in Kombination werden sie zum absoluten Hingucker. Bei uns finden Sie eine große Auswahl an Produkten, um jeden Raum Ihres Hauses zu dekorieren und mit Accessoires auszustatten. Nicht nur sind die trendigen Produkte von Lifa Living mit Liebe zum Detail gestaltet, sie sind ebenfalls aus hochwertigen Materialien gefertigt, die Stabilität und Widerstandsfähigkeit auch über eine längere Zeit hinweg gewährleisten. Denn Zuhause ist nicht nur ein Ort, es ist ein Gefühl, und wir möchten das Lifa Living-Gefühl direkt zu Ihnen nach Hause bringen. Besuchen Sie den Lifa Living Store und verlieben Sie sich in unseren Katalog. Wir hoffen, dass Lifa Living schon bald der Begleiter Ihres Vertrauens für Ihre Inneneinrichtung sein wird. </p>","<p style=text-align: justify;>1. Halbtransparente Wohnzimmervorhänge: Unsere Vorhänge aus 100 % Polyester haben Standardmaße (150 x 250 cm) und ein zeitloses Design. Die Vorhänge von Lifa Living sind in verschiedenen Farben erhältlich, um perfekt zu jedem Zuhause zu passen.<p style=text-align: justify;>2. Schlafzimmervorhänge: Unsere modernen Vorhänge sind ideal für jeden Raum in Ihrem Zuhause: vom Wohnzimmer über das Schlafzimmer bis zum Kinderzimmer, aber auch perfekt im Büro. Unsere Vorhänge sind perfekt, um Ihrem Zuhause einen Hauch von Eleganz zu verleihen und Ihnen gleichzeitig Privatsphäre zu geben.<p style=text-align: justify;>3. Leichte Vorhänge mit Haken oder Ringen: Die Vorhänge sind mit komfortablen hochwertigen Metallhaken ausgestattet, wodurch sie einfach und praktisch in der Handhabung sind. Diese halbtransparenten Vorhänge sind auch in einer Variante mit Ringen erhältlich.<p style=text-align: justify;>4. Hochwertige Gardinen: Lifa Living Gardinen sind pflegeleicht, laufen nicht ein, verschleißen nicht und verblassen nicht. Die Rückseite der Vorhänge hat das gleiche schöne Finish und Aussehen wie die Vorderseite! Die Vorhänge sind in vier verschiedenen Farben erhältlich.<p style=text-align: justify;>5. Weitere Informationen: Erhältlich in 4 verschiedenen Farben: Weiß, Creme, Taubengrau und Hellgrau; Waschbar in der Maschine bei 30 Grad; Maße: 150 x 250 cm; Material: 100 % Polyester; Mit Ringen oder Haken.<p><strong>Über Lifa Living</strong></p> <p>Hier bei Lifa Living lieben wir das Zuhause genauso wie die Menschen selbst. Deshalb möchten wir Wohnaccessoires und Möbel anbieten, die einzigartig und für jeden erschwinglich sind. Der Lifa Living Katalog ist in drei Stilrichtungen unterteilt, sodass für jeden Geschmack etwas dabei ist: Scandinavian Chic, Cool Industrial und Cosy Luxury. Alle Stile sind für sich genommen einzigartig, aber auch in Kombination werden sie zum absoluten Hingucker. Bei uns finden Sie eine große Auswahl an Produkten, um jeden Raum Ihres Hauses zu dekorieren und mit Accessoires auszustatten. Nicht nur sind die trendigen Produkte von Lifa Living mit Liebe zum Detail gestaltet, sie sind ebenfalls aus hochwertigen Materialien gefertigt, die Stabilität und Widerstandsfähigkeit auch über eine längere Zeit hinweg gewährleisten. Denn Zuhause ist nicht nur ein Ort, es ist ein Gefühl, und wir möchten das Lifa Living-Gefühl direkt zu Ihnen nach Hause bringen. Besuchen Sie den Lifa Living Store und verlieben Sie sich in unseren Katalog. Wir hoffen, dass Lifa Living schon bald der Begleiter Ihres Vertrauens für Ihre Inneneinrichtung sein wird. </p>"
